{"products":[{"id":"0.5898433281802435","qty":3}],"totalPrice":-237.03000000000065}